a,ssss,ok,2021/12/22 16:20:39
a,ssss,cc,2021/12/22 16:20:42
a,ssss,test,2021/12/22 16:20:45
a,ssss,e,2021/12/22 16:20:48
general,tester01,データ初期化,2021/12/22 17:19:00
general,tester01,generalテスト,2021/12/22 17:19:15
general,tester01,画像ok,2021/12/22 17:19:44
general,tester02,ファイルok,2021/12/22 17:20:53
general,tester01,https://www.chess.com,2021/12/22 17:30:03
general,tester01,リンクok,2021/12/22 17:30:15
random,e,randomテスト,2021/12/22 17:58:12
random,e,ok,2021/12/22 17:58:29
testRoom,e,room追加,2021/12/22 17:58:53
testRoom,e,追加ok,2021/12/22 17:59:11
